block,aligned_hot_fraction_mean,misaligned_hot_fraction_mean,residency_gap_aligned_minus_misaligned,aligned_not_full_rate,misaligned_not_full_rate,not_full_risk_gap_misaligned_minus_aligned,aligned_log_latency_mean,misaligned_log_latency_mean,log_latency_gap_misaligned_minus_aligned,aligned_latency_mean_ms,misaligned_latency_mean_ms,raw_latency_gap_ms
0,0.781829833984375,0.803863525390625,-0.02203369140625,1.0,0.75,-0.25,4.577041989766384,3.383708703205757,-1.1933332865606268,233.0360635,54.522329000000006,-178.5137345
1,1.0,0.936187744140625,0.063812255859375,0.0,1.0,1.0,-0.4938614300056845,5.487438710761733,5.981300140767417,0.6201165,246.72611174999997,246.10599524999998
2,1.0,0.738983154296875,0.261016845703125,0.0,1.0,1.0,-0.43151289217840316,5.299780532544703,5.7312934247231055,0.6513052500000001,202.68586825,202.034563
3,1.0,0.926361083984375,0.073638916015625,0.0,1.0,1.0,-0.40797139124051773,5.227817193843497,5.635788585084015,0.6671912499999999,196.41171775,195.7445265
4,1.0,0.944671630859375,0.055328369140625,0.0,1.0,1.0,-0.4219219614080668,5.339696619485178,5.761618580893245,0.6665827500000001,213.37543625,212.7088535
5,1.0,0.944580078125,0.055419921875,0.0,1.0,1.0,-0.2786594518177347,5.728669864777336,6.0073293165950705,0.7639684999999999,317.53694774999997,316.77297925
6,1.0,0.941802978515625,0.058197021484375,0.0,1.0,1.0,-0.48853490469815986,5.3103414406311495,5.798876345329309,0.62161,214.41657525,213.79496525
7,0.8297119140625,0.6527099609375,0.177001953125,1.0,1.0,0.0,4.202423909422858,5.036140356672553,0.833716447249695,104.95862275,737.1456097500001,632.186987
8,1.0,0.869842529296875,0.130157470703125,0.0,1.0,1.0,-0.37837433530352305,5.094209929047599,5.472584264351122,0.6906332500000001,174.1065695,173.41593625000002
9,1.0,0.93896484375,0.06103515625,0.0,1.0,1.0,-0.4970768921783751,5.259352787860863,5.756429680039238,0.6147279999999999,203.62175225000001,203.00702425
10,1.0,0.930023193359375,0.069976806640625,0.0,1.0,1.0,-0.280185946147357,5.6940129399107295,5.974198886058087,0.7889572499999999,315.583057,314.79409975
11,0.805450439453125,0.5,0.305450439453125,0.75,1.0,0.25,3.1826631090454525,5.251757651811085,2.069094542765632,82.48910649999999,364.86859625,282.37948975
12,1.0,0.936431884765625,0.063568115234375,0.0,1.0,1.0,0.34686533912362816,5.532916587028145,5.186051247904517,1.738606,259.12737599999997,257.38876999999997
13,0.763092041015625,0.923675537109375,-0.16058349609375,1.0,1.0,0.0,4.560149586353104,3.9088452567843737,-0.6513043295687302,202.18365025,93.61735675,-108.5662935
14,1.0,0.93603515625,0.06396484375,0.0,1.0,1.0,-0.19130253376121611,5.413033584251266,5.6043361180124815,0.84129875,239.4462405,238.60494175
15,1.0,0.92596435546875,0.07403564453125,0.0,1.0,1.0,-0.4098212460866656,5.2936545203893495,5.703475766476015,0.6660235000000001,207.9389895,207.272966
