block,memory_high_mib,hot_residency_diff_direct_minus_buffered,log_hot_retouch_ratio_direct_over_buffered,work_ratio_direct_over_buffered,file_cache_diff_direct_minus_buffered
0,160,0.0,0.005881115080049071,0.866079999392698,-0.8541666666666666
1,160,0.0,-0.0029761675322942382,0.9921702589747259,-0.8541666666666666
2,160,0.0,-0.007343736895155106,2.02586088736514,-0.875
3,160,0.0,0.04390096229805873,0.1558296638802148,-0.875
4,160,0.0,-0.01743052305154865,2.8234928801504857,-0.8723958333333334
5,160,0.0,-0.0016353180363848363,0.5339776385820139,-0.875
0,168,0.0,0.5103908897360666,1.2343076179287467,-0.9348958333333334
1,168,0.0,-0.007532702756420595,0.8917807307856418,-0.9348958333333334
2,168,0.0,-0.012477904618866775,0.8669105035730168,-0.9348958333333334
3,168,0.0,-0.004048449382218489,0.2987609765164457,-0.9557291666666666
4,168,0.0,0.03759712434134758,0.20712832219846933,-0.9583333333333334
5,168,0.0,0.03117565194661387,1.3700749671786752,-0.9348958333333334
